id,hourly_pow,agg_pow,may_bill,may_carbon
2025-05-01 00:00:00,39114.37476922763,26290373.818523616,4732267287.33425,11147118.499054013
2025-05-01 01:00:00,39106.468612629586,26290373.818523616,4732267287.33425,11147118.499054013
2025-05-01 02:00:00,39175.63823839224,26290373.818523616,4732267287.33425,11147118.499054013
2025-05-01 03:00:00,39172.908677269515,26290373.818523616,4732267287.33425,11147118.499054013
2025-05-01 04:00:00,39169.88126698928,26290373.818523616,4732267287.33425,11147118.499054013
2025-05-01 05:00:00,39178.206835845165,26290373.818523616,4732267287.33425,11147118.499054013
2025-05-01 06:00:00,39164.24049530397,26290373.818523616,4732267287.33425,11147118.499054013
2025-05-01 07:00:00,39187.94582063039,26290373.818523616,4732267287.33425,11147118.499054013
2025-05-01 08:00:00,39156.28724598013,26290373.818523616,4732267287.33425,11147118.499054013
2025-05-01 09:00:00,39204.81793280933,26290373.818523616,4732267287.33425,11147118.499054013
2025-05-01 10:00:00,39164.97225642938,26290373.818523616,4732267287.33425,11147118.499054013
2025-05-01 11:00:00,39171.66298279979,26290373.818523616,4732267287.33425,11147118.499054013
2025-05-01 12:00:00,39162.04283320634,26290373.818523616,4732267287.33425,11147118.499054013
2025-05-01 13:00:00,39161.514320411865,26290373.818523616,4732267287.33425,11147118.499054013
2025-05-01 14:00:00,39140.445383633,26290373.818523616,4732267287.33425,11147118.499054013
2025-05-01 15:00:00,39191.35331977979,26290373.818523616,4732267287.33425,11147118.499054013
2025-05-01 16:00:00,39077.16433477227,26290373.818523616,4732267287.33425,11147118.499054013
2025-05-01 17:00:00,39095.51665959633,26290373.818523616,4732267287.33425,11147118.499054013
2025-05-01 18:00:00,39168.66202508647,26290373.818523616,4732267287.33425,11147118.499054013
2025-05-01 19:00:00,39153.91237067298,26290373.818523616,4732267287.33425,11147118.499054013
2025-05-01 20:00:00,39161.692790302804,26290373.818523616,4732267287.33425,11147118.499054013
2025-05-01 21:00:00,39158.21698219185,26290373.818523616,4732267287.33425,11147118.499054013
2025-05-01 22:00:00,39132.807887926734,26290373.818523616,4732267287.33425,11147118.499054013
2025-05-01 23:00:00,39117.7062212975,26290373.818523616,4732267287.33425,11147118.499054013
2025-05-02 00:00:00,39089.40987443962,26290373.818523616,4732267287.33425,11147118.499054013
2025-05-02 01:00:00,39089.9930153825,26290373.818523616,4732267287.33425,11147118.499054013
2025-05-02 02:00:00,39068.81931500939,26290373.818523616,4732267287.33425,11147118.499054013
2025-05-02 03:00:00,39079.427050163365,26290373.818523616,4732267287.33425,11147118.499054013
2025-05-02 04:00:00,39098.92685346076,26290373.818523616,4732267287.33425,11147118.499054013
2025-05-02 05:00:00,39096.23512703164,26290373.818523616,4732267287.33425,11147118.499054013
2025-05-02 06:00:00,39089.92457452144,26290373.818523616,4732267287.33425,11147118.499054013
2025-05-02 07:00:00,39081.72985434383,26290373.818523616,4732267287.33425,11147118.499054013
2025-05-02 08:00:00,39111.862516900605,26290373.818523616,4732267287.33425,11147118.499054013
2025-05-02 09:00:00,39138.80483909186,26290373.818523616,4732267287.33425,11147118.499054013
2025-05-02 10:00:00,39115.571848893494,26290373.818523616,4732267287.33425,11147118.499054013
2025-05-02 11:00:00,39139.04882212383,26290373.818523616,4732267287.33425,11147118.499054013
2025-05-02 12:00:00,39151.54391274222,26290373.818523616,4732267287.33425,11147118.499054013
2025-05-02 13:00:00,39135.631614628255,26290373.818523616,4732267287.33425,11147118.499054013
2025-05-02 14:00:00,39111.15098282468,26290373.818523616,4732267287.33425,11147118.499054013
2025-05-02 15:00:00,39113.04560971224,26290373.818523616,4732267287.33425,11147118.499054013
2025-05-02 16:00:00,39114.67470300957,26290373.818523616,4732267287.33425,11147118.499054013
2025-05-02 17:00:00,39127.12016256952,26290373.818523616,4732267287.33425,11147118.499054013
2025-05-02 18:00:00,39040.67815957385,26290373.818523616,4732267287.33425,11147118.499054013
2025-05-02 19:00:00,39146.401913805916,26290373.818523616,4732267287.33425,11147118.499054013
2025-05-02 20:00:00,39128.258228169,26290373.818523616,4732267287.33425,11147118.499054013
2025-05-02 21:00:00,39124.91743821086,26290373.818523616,4732267287.33425,11147118.499054013
2025-05-02 22:00:00,39144.09218896322,26290373.818523616,4732267287.33425,11147118.499054013
2025-05-02 23:00:00,39176.82886274398,26290373.818523616,4732267287.33425,11147118.499054013
2025-05-03 00:00:00,39162.57863332803,26290373.818523616,4732267287.33425,11147118.499054013
2025-05-03 01:00:00,39167.66180918953,26290373.818523616,4732267287.33425,11147118.499054013
2025-05-03 02:00:00,39141.32595041327,26290373.818523616,4732267287.33425,11147118.499054013
2025-05-03 03:00:00,39157.82666233866,26290373.818523616,4732267287.33425,11147118.499054013
2025-05-03 04:00:00,39132.36882069117,26290373.818523616,4732267287.33425,11147118.499054013
2025-05-03 05:00:00,39164.5081247848,26290373.818523616,4732267287.33425,11147118.499054013
2025-05-03 06:00:00,39109.15433996861,26290373.818523616,4732267287.33425,11147118.499054013
2025-05-03 07:00:00,39122.476708759226,26290373.818523616,4732267287.33425,11147118.499054013
2025-05-03 08:00:00,39091.7012848788,26290373.818523616,4732267287.33425,11147118.499054013
2025-05-03 09:00:00,39108.243232672925,26290373.818523616,4732267287.33425,11147118.499054013
2025-05-03 10:00:00,39087.43034429754,26290373.818523616,4732267287.33425,11147118.499054013
2025-05-03 11:00:00,39081.60283042323,26290373.818523616,4732267287.33425,11147118.499054013
2025-05-03 12:00:00,39131.03899841113,26290373.818523616,4732267287.33425,11147118.499054013
2025-05-03 13:00:00,39127.15179920819,26290373.818523616,4732267287.33425,11147118.499054013
2025-05-03 14:00:00,39069.298337371314,26290373.818523616,4732267287.33425,11147118.499054013
2025-05-03 15:00:00,39107.38717901719,26290373.818523616,4732267287.33425,11147118.499054013
2025-05-03 16:00:00,39120.11551195148,26290373.818523616,4732267287.33425,11147118.499054013
2025-05-03 17:00:00,39120.03339361559,26290373.818523616,4732267287.33425,11147118.499054013
2025-05-03 18:00:00,39097.35164655553,26290373.818523616,4732267287.33425,11147118.499054013
2025-05-03 19:00:00,39127.5337263228,26290373.818523616,4732267287.33425,11147118.499054013
2025-05-03 20:00:00,39092.737505576755,26290373.818523616,4732267287.33425,11147118.499054013
2025-05-03 21:00:00,39110.45924408151,26290373.818523616,4732267287.33425,11147118.499054013
2025-05-03 22:00:00,39102.78305468257,26290373.818523616,4732267287.33425,11147118.499054013
2025-05-03 23:00:00,39114.14353124066,26290373.818523616,4732267287.33425,11147118.499054013
2025-05-04 00:00:00,39122.28234918226,26290373.818523616,4732267287.33425,11147118.499054013
2025-05-04 01:00:00,39118.40825704637,26290373.818523616,4732267287.33425,11147118.499054013
2025-05-04 02:00:00,39139.914669138656,26290373.818523616,4732267287.33425,11147118.499054013
2025-05-04 03:00:00,39139.843827220626,26290373.818523616,4732267287.33425,11147118.499054013
2025-05-04 04:00:00,39103.26730445222,26290373.818523616,4732267287.33425,11147118.499054013
2025-05-04 05:00:00,39132.254215956185,26290373.818523616,4732267287.33425,11147118.499054013
2025-05-04 06:00:00,39129.52838771198,26290373.818523616,4732267287.33425,11147118.499054013
2025-05-04 07:00:00,39112.38598714891,26290373.818523616,4732267287.33425,11147118.499054013
2025-05-04 08:00:00,39118.44436511188,26290373.818523616,4732267287.33425,11147118.499054013
2025-05-04 09:00:00,39118.37300763707,26290373.818523616,4732267287.33425,11147118.499054013
2025-05-04 10:00:00,39142.292611600256,26290373.818523616,4732267287.33425,11147118.499054013
2025-05-04 11:00:00,39162.35594430986,26290373.818523616,4732267287.33425,11147118.499054013
2025-05-04 12:00:00,39152.23884757577,26290373.818523616,4732267287.33425,11147118.499054013
2025-05-04 13:00:00,39126.963419385494,26290373.818523616,4732267287.33425,11147118.499054013
2025-05-04 14:00:00,39139.4370665591,26290373.818523616,4732267287.33425,11147118.499054013
2025-05-04 15:00:00,39112.1251041858,26290373.818523616,4732267287.33425,11147118.499054013
2025-05-04 16:00:00,39133.569064756535,26290373.818523616,4732267287.33425,11147118.499054013
2025-05-04 17:00:00,39101.130612359266,26290373.818523616,4732267287.33425,11147118.499054013
2025-05-04 18:00:00,39103.15602734388,26290373.818523616,4732267287.33425,11147118.499054013
2025-05-04 19:00:00,39099.89397606678,26290373.818523616,4732267287.33425,11147118.499054013
2025-05-04 20:00:00,39100.270572739195,26290373.818523616,4732267287.33425,11147118.499054013
2025-05-04 21:00:00,39083.91648066612,26290373.818523616,4732267287.33425,11147118.499054013
2025-05-04 22:00:00,39111.85865940175,26290373.818523616,4732267287.33425,11147118.499054013
2025-05-04 23:00:00,39094.41332429398,26290373.818523616,4732267287.33425,11147118.499054013
2025-05-05 00:00:00,39110.4631745595,26290373.818523616,4732267287.33425,11147118.499054013
2025-05-05 01:00:00,39121.556189366434,26290373.818523616,4732267287.33425,11147118.499054013
2025-05-05 02:00:00,39092.21250155612,26290373.818523616,4732267287.33425,11147118.499054013
2025-05-05 03:00:00,39121.78040032886,26290373.818523616,4732267287.33425,11147118.499054013
2025-05-05 04:00:00,39157.953883544404,26290373.818523616,4732267287.33425,11147118.499054013
2025-05-05 05:00:00,39090.56357265187,26290373.818523616,4732267287.33425,11147118.499054013
2025-05-05 06:00:00,39134.8759155831,26290373.818523616,4732267287.33425,11147118.499054013
2025-05-05 07:00:00,39133.16782062118,26290373.818523616,4732267287.33425,11147118.499054013
2025-05-05 08:00:00,39133.96311933818,26290373.818523616,4732267287.33425,11147118.499054013
2025-05-05 09:00:00,39124.59621063279,26290373.818523616,4732267287.33425,11147118.499054013
2025-05-05 10:00:00,39133.9180661064,26290373.818523616,4732267287.33425,11147118.499054013
2025-05-05 11:00:00,39178.218239938426,26290373.818523616,4732267287.33425,11147118.499054013
2025-05-05 12:00:00,39107.52974522682,26290373.818523616,4732267287.33425,11147118.499054013
2025-05-05 13:00:00,39140.54345511669,26290373.818523616,4732267287.33425,11147118.499054013
2025-05-05 14:00:00,39127.65143140301,26290373.818523616,4732267287.33425,11147118.499054013
2025-05-05 15:00:00,39077.402790796186,26290373.818523616,4732267287.33425,11147118.499054013
2025-05-05 16:00:00,39101.25024469305,26290373.818523616,4732267287.33425,11147118.499054013
2025-05-05 17:00:00,39113.0300750419,26290373.818523616,4732267287.33425,11147118.499054013
2025-05-05 18:00:00,39128.61645000105,26290373.818523616,4732267287.33425,11147118.499054013
2025-05-05 19:00:00,39144.44605807976,26290373.818523616,4732267287.33425,11147118.499054013
2025-05-05 20:00:00,39107.17876318333,26290373.818523616,4732267287.33425,11147118.499054013
2025-05-05 21:00:00,39108.715875209666,26290373.818523616,4732267287.33425,11147118.499054013
2025-05-05 22:00:00,39100.568485704986,26290373.818523616,4732267287.33425,11147118.499054013
2025-05-05 23:00:00,39093.469109675214,26290373.818523616,4732267287.33425,11147118.499054013
2025-05-06 00:00:00,39104.10384735141,26290373.818523616,4732267287.33425,11147118.499054013
2025-05-06 01:00:00,39096.822842197675,26290373.818523616,4732267287.33425,11147118.499054013
2025-05-06 02:00:00,39089.61066034945,26290373.818523616,4732267287.33425,11147118.499054013
2025-05-06 03:00:00,39100.284646580265,26290373.818523616,4732267287.33425,11147118.499054013
2025-05-06 04:00:00,39126.439650966335,26290373.818523616,4732267287.33425,11147118.499054013
2025-05-06 05:00:00,39140.90010506343,26290373.818523616,4732267287.33425,11147118.499054013
2025-05-06 06:00:00,39109.96521551987,26290373.818523616,4732267287.33425,11147118.499054013
2025-05-06 07:00:00,39141.186292878505,26290373.818523616,4732267287.33425,11147118.499054013
2025-05-06 08:00:00,39183.62699653003,26290373.818523616,4732267287.33425,11147118.499054013
2025-05-06 09:00:00,39135.14192484263,26290373.818523616,4732267287.33425,11147118.499054013
2025-05-06 10:00:00,39151.01173115299,26290373.818523616,4732267287.33425,11147118.499054013
2025-05-06 11:00:00,39131.48829447778,26290373.818523616,4732267287.33425,11147118.499054013
2025-05-06 12:00:00,39168.65963703446,26290373.818523616,4732267287.33425,11147118.499054013
2025-05-06 13:00:00,39139.34945499642,26290373.818523616,4732267287.33425,11147118.499054013
2025-05-06 14:00:00,39098.58648180063,26290373.818523616,4732267287.33425,11147118.499054013
2025-05-06 15:00:00,39097.012044527546,26290373.818523616,4732267287.33425,11147118.499054013
2025-05-06 16:00:00,39135.65711485353,26290373.818523616,4732267287.33425,11147118.499054013
2025-05-06 17:00:00,39108.40992939693,26290373.818523616,4732267287.33425,11147118.499054013
2025-05-06 18:00:00,39098.94337615497,26290373.818523616,4732267287.33425,11147118.499054013
2025-05-06 19:00:00,39094.10776531878,26290373.818523616,4732267287.33425,11147118.499054013
2025-05-06 20:00:00,39104.893238363016,26290373.818523616,4732267287.33425,11147118.499054013
2025-05-06 21:00:00,39075.16879630565,26290373.818523616,4732267287.33425,11147118.499054013
2025-05-06 22:00:00,39128.54673535958,26290373.818523616,4732267287.33425,11147118.499054013
2025-05-06 23:00:00,39070.94822251827,26290373.818523616,4732267287.33425,11147118.499054013
2025-05-07 00:00:00,39140.52074407136,26290373.818523616,4732267287.33425,11147118.499054013
2025-05-07 01:00:00,39135.80819658487,26290373.818523616,4732267287.33425,11147118.499054013
2025-05-07 02:00:00,39137.87913299562,26290373.818523616,4732267287.33425,11147118.499054013
2025-05-07 03:00:00,39122.75973118582,26290373.818523616,4732267287.33425,11147118.499054013
2025-05-07 04:00:00,39129.30710540491,26290373.818523616,4732267287.33425,11147118.499054013
2025-05-07 05:00:00,39125.507977474816,26290373.818523616,4732267287.33425,11147118.499054013
2025-05-07 06:00:00,39131.7971459988,26290373.818523616,4732267287.33425,11147118.499054013
2025-05-07 07:00:00,39149.944549441505,26290373.818523616,4732267287.33425,11147118.499054013
2025-05-07 08:00:00,39164.283669963464,26290373.818523616,4732267287.33425,11147118.499054013
2025-05-07 09:00:00,39140.29508098197,26290373.818523616,4732267287.33425,11147118.499054013
2025-05-07 10:00:00,39147.82866097186,26290373.818523616,4732267287.33425,11147118.499054013
2025-05-07 11:00:00,39161.78814867847,26290373.818523616,4732267287.33425,11147118.499054013
2025-05-07 12:00:00,39149.18087534491,26290373.818523616,4732267287.33425,11147118.499054013
2025-05-07 13:00:00,39145.2092097469,26290373.818523616,4732267287.33425,11147118.499054013
2025-05-07 14:00:00,39154.599226153834,26290373.818523616,4732267287.33425,11147118.499054013
2025-05-07 15:00:00,39161.098127805286,26290373.818523616,4732267287.33425,11147118.499054013
2025-05-07 16:00:00,39116.61747106282,26290373.818523616,4732267287.33425,11147118.499054013
2025-05-07 17:00:00,39120.26607329194,26290373.818523616,4732267287.33425,11147118.499054013
2025-05-07 18:00:00,39144.589160654046,26290373.818523616,4732267287.33425,11147118.499054013
2025-05-07 19:00:00,39137.284376909745,26290373.818523616,4732267287.33425,11147118.499054013
2025-05-07 20:00:00,39138.31847870129,26290373.818523616,4732267287.33425,11147118.499054013
2025-05-07 21:00:00,39110.62771485449,26290373.818523616,4732267287.33425,11147118.499054013
2025-05-07 22:00:00,39110.68427701214,26290373.818523616,4732267287.33425,11147118.499054013
2025-05-07 23:00:00,39114.751108737895,26290373.818523616,4732267287.33425,11147118.499054013
2025-05-08 00:00:00,39132.97409972403,26290373.818523616,4732267287.33425,11147118.499054013
2025-05-08 01:00:00,39138.18116296455,26290373.818523616,4732267287.33425,11147118.499054013
2025-05-08 02:00:00,39095.291676607965,26290373.818523616,4732267287.33425,11147118.499054013
2025-05-08 03:00:00,39082.87038193326,26290373.818523616,4732267287.33425,11147118.499054013
2025-05-08 04:00:00,39084.04748442315,26290373.818523616,4732267287.33425,11147118.499054013
2025-05-08 05:00:00,39087.48909764976,26290373.818523616,4732267287.33425,11147118.499054013
2025-05-08 06:00:00,39077.09590026764,26290373.818523616,4732267287.33425,11147118.499054013
2025-05-08 07:00:00,39114.00251922782,26290373.818523616,4732267287.33425,11147118.499054013
2025-05-08 08:00:00,39112.88250443393,26290373.818523616,4732267287.33425,11147118.499054013
2025-05-08 09:00:00,39116.611579507284,26290373.818523616,4732267287.33425,11147118.499054013
2025-05-08 10:00:00,39120.312761898436,26290373.818523616,4732267287.33425,11147118.499054013
2025-05-08 11:00:00,39126.059306794894,26290373.818523616,4732267287.33425,11147118.499054013
2025-05-08 12:00:00,39110.208026561886,26290373.818523616,4732267287.33425,11147118.499054013
2025-05-08 13:00:00,39115.67908509251,26290373.818523616,4732267287.33425,11147118.499054013
2025-05-08 14:00:00,39149.19211681498,26290373.818523616,4732267287.33425,11147118.499054013
2025-05-08 15:00:00,39133.31480811832,26290373.818523616,4732267287.33425,11147118.499054013
2025-05-08 16:00:00,39141.1732161795,26290373.818523616,4732267287.33425,11147118.499054013
2025-05-08 17:00:00,39150.10060224874,26290373.818523616,4732267287.33425,11147118.499054013
2025-05-08 18:00:00,39108.58907410199,26290373.818523616,4732267287.33425,11147118.499054013
2025-05-08 19:00:00,39138.01941574387,26290373.818523616,4732267287.33425,11147118.499054013
2025-05-08 20:00:00,39131.47257118759,26290373.818523616,4732267287.33425,11147118.499054013
2025-05-08 21:00:00,39104.91261938992,26290373.818523616,4732267287.33425,11147118.499054013
2025-05-08 22:00:00,39109.537378973495,26290373.818523616,4732267287.33425,11147118.499054013
2025-05-08 23:00:00,39115.23905686444,26290373.818523616,4732267287.33425,11147118.499054013
2025-05-09 00:00:00,39140.21945654233,26290373.818523616,4732267287.33425,11147118.499054013
2025-05-09 01:00:00,39152.91570183643,26290373.818523616,4732267287.33425,11147118.499054013
2025-05-09 02:00:00,39154.596409044796,26290373.818523616,4732267287.33425,11147118.499054013
2025-05-09 03:00:00,39133.344705237505,26290373.818523616,4732267287.33425,11147118.499054013
2025-05-09 04:00:00,39162.89187473849,26290373.818523616,4732267287.33425,11147118.499054013
2025-05-09 05:00:00,39155.43812183482,26290373.818523616,4732267287.33425,11147118.499054013
2025-05-09 06:00:00,39155.93284642806,26290373.818523616,4732267287.33425,11147118.499054013
2025-05-09 07:00:00,39127.02552284266,26290373.818523616,4732267287.33425,11147118.499054013
2025-05-09 08:00:00,39102.53743497739,26290373.818523616,4732267287.33425,11147118.499054013
2025-05-09 09:00:00,39100.64959954884,26290373.818523616,4732267287.33425,11147118.499054013
2025-05-09 10:00:00,39120.56629422716,26290373.818523616,4732267287.33425,11147118.499054013
2025-05-09 11:00:00,39129.691929484135,26290373.818523616,4732267287.33425,11147118.499054013
2025-05-09 12:00:00,39105.57673978023,26290373.818523616,4732267287.33425,11147118.499054013
2025-05-09 13:00:00,39125.51034210533,26290373.818523616,4732267287.33425,11147118.499054013
2025-05-09 14:00:00,39132.97035687836,26290373.818523616,4732267287.33425,11147118.499054013
2025-05-09 15:00:00,39137.59342225931,26290373.818523616,4732267287.33425,11147118.499054013
2025-05-09 16:00:00,39108.41347166377,26290373.818523616,4732267287.33425,11147118.499054013
2025-05-09 17:00:00,39131.33169445633,26290373.818523616,4732267287.33425,11147118.499054013
2025-05-09 18:00:00,39136.17008613782,26290373.818523616,4732267287.33425,11147118.499054013
2025-05-09 19:00:00,39116.313735285534,26290373.818523616,4732267287.33425,11147118.499054013
2025-05-09 20:00:00,39129.01116690275,26290373.818523616,4732267287.33425,11147118.499054013
2025-05-09 21:00:00,39120.30360254001,26290373.818523616,4732267287.33425,11147118.499054013
2025-05-09 22:00:00,39093.38651982548,26290373.818523616,4732267287.33425,11147118.499054013
2025-05-09 23:00:00,39064.6589765201,26290373.818523616,4732267287.33425,11147118.499054013
2025-05-10 00:00:00,39110.25266233424,26290373.818523616,4732267287.33425,11147118.499054013
2025-05-10 01:00:00,39108.40569279038,26290373.818523616,4732267287.33425,11147118.499054013
2025-05-10 02:00:00,39091.435487343886,26290373.818523616,4732267287.33425,11147118.499054013
2025-05-10 03:00:00,39072.581155270054,26290373.818523616,4732267287.33425,11147118.499054013
2025-05-10 04:00:00,39126.79447698185,26290373.818523616,4732267287.33425,11147118.499054013
2025-05-10 05:00:00,39098.34699177484,26290373.818523616,4732267287.33425,11147118.499054013
2025-05-10 06:00:00,39118.12717677226,26290373.818523616,4732267287.33425,11147118.499054013
2025-05-10 07:00:00,39118.42126005458,26290373.818523616,4732267287.33425,11147118.499054013
2025-05-10 08:00:00,39140.03371192178,26290373.818523616,4732267287.33425,11147118.499054013
2025-05-10 09:00:00,39171.84542720902,26290373.818523616,4732267287.33425,11147118.499054013
2025-05-10 10:00:00,39172.55869530319,26290373.818523616,4732267287.33425,11147118.499054013
2025-05-10 11:00:00,39136.679001321936,26290373.818523616,4732267287.33425,11147118.499054013
2025-05-10 12:00:00,39171.09498832105,26290373.818523616,4732267287.33425,11147118.499054013
2025-05-10 13:00:00,39157.53944209669,26290373.818523616,4732267287.33425,11147118.499054013
2025-05-10 14:00:00,39125.17398427355,26290373.818523616,4732267287.33425,11147118.499054013
2025-05-10 15:00:00,39126.46339620239,26290373.818523616,4732267287.33425,11147118.499054013
2025-05-10 16:00:00,39105.7075955676,26290373.818523616,4732267287.33425,11147118.499054013
2025-05-10 17:00:00,39110.072423315265,26290373.818523616,4732267287.33425,11147118.499054013
2025-05-10 18:00:00,39132.05225538731,26290373.818523616,4732267287.33425,11147118.499054013
2025-05-10 19:00:00,39121.7746768042,26290373.818523616,4732267287.33425,11147118.499054013
2025-05-10 20:00:00,39120.68270258727,26290373.818523616,4732267287.33425,11147118.499054013
2025-05-10 21:00:00,39107.194039487906,26290373.818523616,4732267287.33425,11147118.499054013
2025-05-10 22:00:00,39109.82578473385,26290373.818523616,4732267287.33425,11147118.499054013
2025-05-10 23:00:00,39092.24630377371,26290373.818523616,4732267287.33425,11147118.499054013
2025-05-11 00:00:00,39104.060857428914,26290373.818523616,4732267287.33425,11147118.499054013
2025-05-11 01:00:00,39108.85343151195,26290373.818523616,4732267287.33425,11147118.499054013
2025-05-11 02:00:00,39114.13520592911,26290373.818523616,4732267287.33425,11147118.499054013
2025-05-11 03:00:00,39103.25145209715,26290373.818523616,4732267287.33425,11147118.499054013
2025-05-11 04:00:00,39110.92801806132,26290373.818523616,4732267287.33425,11147118.499054013
2025-05-11 05:00:00,39128.08029808071,26290373.818523616,4732267287.33425,11147118.499054013
2025-05-11 06:00:00,39126.85886177889,26290373.818523616,4732267287.33425,11147118.499054013
2025-05-11 07:00:00,39123.064567665155,26290373.818523616,4732267287.33425,11147118.499054013
2025-05-11 08:00:00,39126.0459433665,26290373.818523616,4732267287.33425,11147118.499054013
2025-05-11 09:00:00,39134.15143284096,26290373.818523616,4732267287.33425,11147118.499054013
2025-05-11 10:00:00,39158.06902066967,26290373.818523616,4732267287.33425,11147118.499054013
2025-05-11 11:00:00,39131.48582453098,26290373.818523616,4732267287.33425,11147118.499054013
2025-05-11 12:00:00,39137.182168449974,26290373.818523616,4732267287.33425,11147118.499054013
2025-05-11 13:00:00,39170.02971281946,26290373.818523616,4732267287.33425,11147118.499054013
2025-05-11 14:00:00,39128.589971889734,26290373.818523616,4732267287.33425,11147118.499054013
2025-05-11 15:00:00,39114.54420030243,26290373.818523616,4732267287.33425,11147118.499054013
2025-05-11 16:00:00,39138.97279328083,26290373.818523616,4732267287.33425,11147118.499054013
2025-05-11 17:00:00,39106.34317078734,26290373.818523616,4732267287.33425,11147118.499054013
2025-05-11 18:00:00,39129.67817573833,26290373.818523616,4732267287.33425,11147118.499054013
2025-05-11 19:00:00,39099.60609716546,26290373.818523616,4732267287.33425,11147118.499054013
2025-05-11 20:00:00,39118.28511020597,26290373.818523616,4732267287.33425,11147118.499054013
2025-05-11 21:00:00,39123.36208825938,26290373.818523616,4732267287.33425,11147118.499054013
2025-05-11 22:00:00,39099.27260828309,26290373.818523616,4732267287.33425,11147118.499054013
2025-05-11 23:00:00,39109.08089144166,26290373.818523616,4732267287.33425,11147118.499054013
2025-05-12 00:00:00,39115.23481490345,26290373.818523616,4732267287.33425,11147118.499054013
2025-05-12 01:00:00,39105.16658874243,26290373.818523616,4732267287.33425,11147118.499054013
2025-05-12 02:00:00,39087.964469792016,26290373.818523616,4732267287.33425,11147118.499054013
2025-05-12 03:00:00,39102.772356648,26290373.818523616,4732267287.33425,11147118.499054013
2025-05-12 04:00:00,39068.95283727834,26290373.818523616,4732267287.33425,11147118.499054013
2025-05-12 05:00:00,39110.86597737425,26290373.818523616,4732267287.33425,11147118.499054013
2025-05-12 06:00:00,39099.91708196072,26290373.818523616,4732267287.33425,11147118.499054013
2025-05-12 07:00:00,39125.06786134946,26290373.818523616,4732267287.33425,11147118.499054013
2025-05-12 08:00:00,39137.12092564918,26290373.818523616,4732267287.33425,11147118.499054013
2025-05-12 09:00:00,39144.86252733603,26290373.818523616,4732267287.33425,11147118.499054013
2025-05-12 10:00:00,39140.658094880346,26290373.818523616,4732267287.33425,11147118.499054013
2025-05-12 11:00:00,39145.38787181154,26290373.818523616,4732267287.33425,11147118.499054013
2025-05-12 12:00:00,39136.18242368468,26290373.818523616,4732267287.33425,11147118.499054013
2025-05-12 13:00:00,39138.44371742997,26290373.818523616,4732267287.33425,11147118.499054013
2025-05-12 14:00:00,39163.35189172528,26290373.818523616,4732267287.33425,11147118.499054013
2025-05-12 15:00:00,39113.7334486771,26290373.818523616,4732267287.33425,11147118.499054013
2025-05-12 16:00:00,39110.13277020963,26290373.818523616,4732267287.33425,11147118.499054013
2025-05-12 17:00:00,39151.838841222074,26290373.818523616,4732267287.33425,11147118.499054013
2025-05-12 18:00:00,39114.87331859001,26290373.818523616,4732267287.33425,11147118.499054013
2025-05-12 19:00:00,39112.25769510754,26290373.818523616,4732267287.33425,11147118.499054013
2025-05-12 20:00:00,39114.25506923544,26290373.818523616,4732267287.33425,11147118.499054013
2025-05-12 21:00:00,39108.17270567823,26290373.818523616,4732267287.33425,11147118.499054013
2025-05-12 22:00:00,39119.742976179135,26290373.818523616,4732267287.33425,11147118.499054013
2025-05-12 23:00:00,39085.444464148,26290373.818523616,4732267287.33425,11147118.499054013
2025-05-13 00:00:00,39092.268740302294,26290373.818523616,4732267287.33425,11147118.499054013
2025-05-13 01:00:00,39141.94067760805,26290373.818523616,4732267287.33425,11147118.499054013
2025-05-13 02:00:00,39113.88290476283,26290373.818523616,4732267287.33425,11147118.499054013
2025-05-13 03:00:00,39098.792813273314,26290373.818523616,4732267287.33425,11147118.499054013
2025-05-13 04:00:00,39106.64950365176,26290373.818523616,4732267287.33425,11147118.499054013
2025-05-13 05:00:00,39087.45980267115,26290373.818523616,4732267287.33425,11147118.499054013
2025-05-13 06:00:00,39113.2142454224,26290373.818523616,4732267287.33425,11147118.499054013
2025-05-13 07:00:00,39115.77973857572,26290373.818523616,4732267287.33425,11147118.499054013
2025-05-13 08:00:00,39095.69600653648,26290373.818523616,4732267287.33425,11147118.499054013
2025-05-13 09:00:00,39119.52014099219,26290373.818523616,4732267287.33425,11147118.499054013
2025-05-13 10:00:00,39134.31819303762,26290373.818523616,4732267287.33425,11147118.499054013
2025-05-13 11:00:00,39188.72692423846,26290373.818523616,4732267287.33425,11147118.499054013
2025-05-13 12:00:00,39121.76873292692,26290373.818523616,4732267287.33425,11147118.499054013
2025-05-13 13:00:00,39132.80715908446,26290373.818523616,4732267287.33425,11147118.499054013
2025-05-13 14:00:00,39133.89722873854,26290373.818523616,4732267287.33425,11147118.499054013
2025-05-13 15:00:00,39155.03671153008,26290373.818523616,4732267287.33425,11147118.499054013
2025-05-13 16:00:00,39104.39738860389,26290373.818523616,4732267287.33425,11147118.499054013
2025-05-13 17:00:00,39109.99007836146,26290373.818523616,4732267287.33425,11147118.499054013
2025-05-13 18:00:00,39149.82643078574,26290373.818523616,4732267287.33425,11147118.499054013
2025-05-13 19:00:00,39099.10879609324,26290373.818523616,4732267287.33425,11147118.499054013
2025-05-13 20:00:00,39122.60918617916,26290373.818523616,4732267287.33425,11147118.499054013
2025-05-13 21:00:00,39095.04313875547,26290373.818523616,4732267287.33425,11147118.499054013
2025-05-13 22:00:00,39134.19183374605,26290373.818523616,4732267287.33425,11147118.499054013
2025-05-13 23:00:00,39110.62362405727,26290373.818523616,4732267287.33425,11147118.499054013
2025-05-14 00:00:00,39098.64740881656,26290373.818523616,4732267287.33425,11147118.499054013
2025-05-14 01:00:00,39117.378644863995,26290373.818523616,4732267287.33425,11147118.499054013
2025-05-14 02:00:00,39076.04678502048,26290373.818523616,4732267287.33425,11147118.499054013
2025-05-14 03:00:00,39138.84109238764,26290373.818523616,4732267287.33425,11147118.499054013
2025-05-14 04:00:00,39145.25681200057,26290373.818523616,4732267287.33425,11147118.499054013
2025-05-14 05:00:00,39148.608028572926,26290373.818523616,4732267287.33425,11147118.499054013
2025-05-14 06:00:00,39125.18003650584,26290373.818523616,4732267287.33425,11147118.499054013
2025-05-14 07:00:00,39098.90765903688,26290373.818523616,4732267287.33425,11147118.499054013
2025-05-14 08:00:00,39118.00026127914,26290373.818523616,4732267287.33425,11147118.499054013
2025-05-14 09:00:00,39124.75051871269,26290373.818523616,4732267287.33425,11147118.499054013
2025-05-14 10:00:00,39137.49502405819,26290373.818523616,4732267287.33425,11147118.499054013
2025-05-14 11:00:00,39155.24371872214,26290373.818523616,4732267287.33425,11147118.499054013
2025-05-14 12:00:00,39142.69342736945,26290373.818523616,4732267287.33425,11147118.499054013
2025-05-14 13:00:00,39146.05392629946,26290373.818523616,4732267287.33425,11147118.499054013
2025-05-14 14:00:00,39121.30614960517,26290373.818523616,4732267287.33425,11147118.499054013
2025-05-14 15:00:00,39104.35688492917,26290373.818523616,4732267287.33425,11147118.499054013
2025-05-14 16:00:00,39125.09995795149,26290373.818523616,4732267287.33425,11147118.499054013
2025-05-14 17:00:00,39114.11274093381,26290373.818523616,4732267287.33425,11147118.499054013
2025-05-14 18:00:00,39111.72044596052,26290373.818523616,4732267287.33425,11147118.499054013
2025-05-14 19:00:00,39133.619032547496,26290373.818523616,4732267287.33425,11147118.499054013
2025-05-14 20:00:00,39117.21988106995,26290373.818523616,4732267287.33425,11147118.499054013
2025-05-14 21:00:00,39124.231368168104,26290373.818523616,4732267287.33425,11147118.499054013
2025-05-14 22:00:00,39106.229671836576,26290373.818523616,4732267287.33425,11147118.499054013
2025-05-14 23:00:00,39094.95089314303,26290373.818523616,4732267287.33425,11147118.499054013
2025-05-15 00:00:00,39102.149344397054,26290373.818523616,4732267287.33425,11147118.499054013
2025-05-15 01:00:00,39104.64288586629,26290373.818523616,4732267287.33425,11147118.499054013
2025-05-15 02:00:00,39092.217733880156,26290373.818523616,4732267287.33425,11147118.499054013
2025-05-15 03:00:00,39091.80477261299,26290373.818523616,4732267287.33425,11147118.499054013
2025-05-15 04:00:00,39099.44066526436,26290373.818523616,4732267287.33425,11147118.499054013
2025-05-15 05:00:00,39124.535293523266,26290373.818523616,4732267287.33425,11147118.499054013
2025-05-15 06:00:00,39134.629161671844,26290373.818523616,4732267287.33425,11147118.499054013
2025-05-15 07:00:00,39177.90870553297,26290373.818523616,4732267287.33425,11147118.499054013
2025-05-15 08:00:00,39136.07741558228,26290373.818523616,4732267287.33425,11147118.499054013
2025-05-15 09:00:00,39146.69426647203,26290373.818523616,4732267287.33425,11147118.499054013
2025-05-15 10:00:00,39144.31615949023,26290373.818523616,4732267287.33425,11147118.499054013
2025-05-15 11:00:00,39160.31874456787,26290373.818523616,4732267287.33425,11147118.499054013
2025-05-15 12:00:00,39138.72313994,26290373.818523616,4732267287.33425,11147118.499054013
2025-05-15 13:00:00,39137.943612435236,26290373.818523616,4732267287.33425,11147118.499054013
2025-05-15 14:00:00,39121.15460355856,26290373.818523616,4732267287.33425,11147118.499054013
2025-05-15 15:00:00,39149.33000364828,26290373.818523616,4732267287.33425,11147118.499054013
2025-05-15 16:00:00,39115.996744980825,26290373.818523616,4732267287.33425,11147118.499054013
2025-05-15 17:00:00,39093.39616620991,26290373.818523616,4732267287.33425,11147118.499054013
2025-05-15 18:00:00,39119.86615247937,26290373.818523616,4732267287.33425,11147118.499054013
2025-05-15 19:00:00,39118.561507777915,26290373.818523616,4732267287.33425,11147118.499054013
2025-05-15 20:00:00,39133.870080102235,26290373.818523616,4732267287.33425,11147118.499054013
2025-05-15 21:00:00,39124.629364773056,26290373.818523616,4732267287.33425,11147118.499054013
2025-05-15 22:00:00,39132.06808530139,26290373.818523616,4732267287.33425,11147118.499054013
2025-05-15 23:00:00,39131.5037984359,26290373.818523616,4732267287.33425,11147118.499054013
2025-05-16 00:00:00,39131.73808032563,26290373.818523616,4732267287.33425,11147118.499054013
2025-05-16 01:00:00,39112.86216098225,26290373.818523616,4732267287.33425,11147118.499054013
2025-05-16 02:00:00,39103.626608897895,26290373.818523616,4732267287.33425,11147118.499054013
2025-05-16 03:00:00,39115.34924202756,26290373.818523616,4732267287.33425,11147118.499054013
2025-05-16 04:00:00,39091.05710759108,26290373.818523616,4732267287.33425,11147118.499054013
2025-05-16 05:00:00,39083.59420037038,26290373.818523616,4732267287.33425,11147118.499054013
2025-05-16 06:00:00,39087.97651916613,26290373.818523616,4732267287.33425,11147118.499054013
2025-05-16 07:00:00,39119.91090757196,26290373.818523616,4732267287.33425,11147118.499054013
2025-05-16 08:00:00,39102.98825381079,26290373.818523616,4732267287.33425,11147118.499054013
2025-05-16 09:00:00,39115.78489745069,26290373.818523616,4732267287.33425,11147118.499054013
2025-05-16 10:00:00,39115.43405493622,26290373.818523616,4732267287.33425,11147118.499054013
2025-05-16 11:00:00,39135.86253711262,26290373.818523616,4732267287.33425,11147118.499054013
2025-05-16 12:00:00,39160.467805387256,26290373.818523616,4732267287.33425,11147118.499054013
2025-05-16 13:00:00,39138.8525608099,26290373.818523616,4732267287.33425,11147118.499054013
2025-05-16 14:00:00,39117.584534736976,26290373.818523616,4732267287.33425,11147118.499054013
2025-05-16 15:00:00,39106.867878451696,26290373.818523616,4732267287.33425,11147118.499054013
2025-05-16 16:00:00,39134.95507863944,26290373.818523616,4732267287.33425,11147118.499054013
2025-05-16 17:00:00,39179.020543057144,26290373.818523616,4732267287.33425,11147118.499054013
2025-05-16 18:00:00,39135.81391503223,26290373.818523616,4732267287.33425,11147118.499054013
2025-05-16 19:00:00,39118.36393924902,26290373.818523616,4732267287.33425,11147118.499054013
2025-05-16 20:00:00,39127.73736466999,26290373.818523616,4732267287.33425,11147118.499054013
2025-05-16 21:00:00,39099.68916259021,26290373.818523616,4732267287.33425,11147118.499054013
2025-05-16 22:00:00,39103.08912105055,26290373.818523616,4732267287.33425,11147118.499054013
2025-05-16 23:00:00,39124.730652124555,26290373.818523616,4732267287.33425,11147118.499054013
2025-05-17 00:00:00,39104.801122654935,26290373.818523616,4732267287.33425,11147118.499054013
2025-05-17 01:00:00,39110.27719042032,26290373.818523616,4732267287.33425,11147118.499054013
2025-05-17 02:00:00,39135.708035383745,26290373.818523616,4732267287.33425,11147118.499054013
2025-05-17 03:00:00,39094.20483782916,26290373.818523616,4732267287.33425,11147118.499054013
2025-05-17 04:00:00,39141.72202770037,26290373.818523616,4732267287.33425,11147118.499054013
2025-05-17 05:00:00,39161.799459680275,26290373.818523616,4732267287.33425,11147118.499054013
2025-05-17 06:00:00,39146.64648680038,26290373.818523616,4732267287.33425,11147118.499054013
2025-05-17 07:00:00,39142.328753218506,26290373.818523616,4732267287.33425,11147118.499054013
2025-05-17 08:00:00,39158.59615939493,26290373.818523616,4732267287.33425,11147118.499054013
2025-05-17 09:00:00,39116.97618539506,26290373.818523616,4732267287.33425,11147118.499054013
2025-05-17 10:00:00,39107.89587055496,26290373.818523616,4732267287.33425,11147118.499054013
2025-05-17 11:00:00,39144.70340945003,26290373.818523616,4732267287.33425,11147118.499054013
2025-05-17 12:00:00,39126.46564724375,26290373.818523616,4732267287.33425,11147118.499054013
2025-05-17 13:00:00,39118.433875465984,26290373.818523616,4732267287.33425,11147118.499054013
2025-05-17 14:00:00,39136.19335511174,26290373.818523616,4732267287.33425,11147118.499054013
2025-05-17 15:00:00,39168.81380092237,26290373.818523616,4732267287.33425,11147118.499054013
2025-05-17 16:00:00,39126.71571605485,26290373.818523616,4732267287.33425,11147118.499054013
2025-05-17 17:00:00,39126.45606607203,26290373.818523616,4732267287.33425,11147118.499054013
2025-05-17 18:00:00,39134.31488123089,26290373.818523616,4732267287.33425,11147118.499054013
2025-05-17 19:00:00,39130.26394175063,26290373.818523616,4732267287.33425,11147118.499054013
2025-05-17 20:00:00,39124.77569041009,26290373.818523616,4732267287.33425,11147118.499054013
2025-05-17 21:00:00,39151.15423582532,26290373.818523616,4732267287.33425,11147118.499054013
2025-05-17 22:00:00,39141.71127821519,26290373.818523616,4732267287.33425,11147118.499054013
2025-05-17 23:00:00,39128.672954769376,26290373.818523616,4732267287.33425,11147118.499054013
2025-05-18 00:00:00,39121.858884843714,26290373.818523616,4732267287.33425,11147118.499054013
2025-05-18 01:00:00,39104.93220365026,26290373.818523616,4732267287.33425,11147118.499054013
2025-05-18 02:00:00,39102.42596700175,26290373.818523616,4732267287.33425,11147118.499054013
2025-05-18 03:00:00,39109.33367755078,26290373.818523616,4732267287.33425,11147118.499054013
2025-05-18 04:00:00,39114.95780729915,26290373.818523616,4732267287.33425,11147118.499054013
2025-05-18 05:00:00,39129.45839574761,26290373.818523616,4732267287.33425,11147118.499054013
2025-05-18 06:00:00,39123.364322463145,26290373.818523616,4732267287.33425,11147118.499054013
2025-05-18 07:00:00,39128.36804756698,26290373.818523616,4732267287.33425,11147118.499054013
2025-05-18 08:00:00,39127.36135675829,26290373.818523616,4732267287.33425,11147118.499054013
2025-05-18 09:00:00,39119.05013963613,26290373.818523616,4732267287.33425,11147118.499054013
2025-05-18 10:00:00,39139.09330227935,26290373.818523616,4732267287.33425,11147118.499054013
2025-05-18 11:00:00,39158.99137587658,26290373.818523616,4732267287.33425,11147118.499054013
2025-05-18 12:00:00,39140.357458608145,26290373.818523616,4732267287.33425,11147118.499054013
2025-05-18 13:00:00,39121.782055453645,26290373.818523616,4732267287.33425,11147118.499054013
2025-05-18 14:00:00,39144.566881742045,26290373.818523616,4732267287.33425,11147118.499054013
2025-05-18 15:00:00,39137.98995613024,26290373.818523616,4732267287.33425,11147118.499054013
2025-05-18 16:00:00,39113.853994174315,26290373.818523616,4732267287.33425,11147118.499054013
2025-05-18 17:00:00,39114.3623336779,26290373.818523616,4732267287.33425,11147118.499054013
2025-05-18 18:00:00,39138.599559409085,26290373.818523616,4732267287.33425,11147118.499054013
2025-05-18 19:00:00,39118.62435042194,26290373.818523616,4732267287.33425,11147118.499054013
2025-05-18 20:00:00,39110.39880689073,26290373.818523616,4732267287.33425,11147118.499054013
2025-05-18 21:00:00,39131.23744488242,26290373.818523616,4732267287.33425,11147118.499054013
2025-05-18 22:00:00,39100.775527524245,26290373.818523616,4732267287.33425,11147118.499054013
2025-05-18 23:00:00,39115.09092440127,26290373.818523616,4732267287.33425,11147118.499054013
2025-05-19 00:00:00,39125.77666282186,26290373.818523616,4732267287.33425,11147118.499054013
2025-05-19 01:00:00,39117.285888248516,26290373.818523616,4732267287.33425,11147118.499054013
2025-05-19 02:00:00,39111.319188574766,26290373.818523616,4732267287.33425,11147118.499054013
2025-05-19 03:00:00,39091.3631419059,26290373.818523616,4732267287.33425,11147118.499054013
2025-05-19 04:00:00,39076.11506743433,26290373.818523616,4732267287.33425,11147118.499054013
2025-05-19 05:00:00,39114.30861342537,26290373.818523616,4732267287.33425,11147118.499054013
2025-05-19 06:00:00,39113.05568418909,26290373.818523616,4732267287.33425,11147118.499054013
2025-05-19 07:00:00,39128.76460854761,26290373.818523616,4732267287.33425,11147118.499054013
2025-05-19 08:00:00,39113.022703611394,26290373.818523616,4732267287.33425,11147118.499054013
2025-05-19 09:00:00,39110.370408296505,26290373.818523616,4732267287.33425,11147118.499054013
2025-05-19 10:00:00,39118.10544168406,26290373.818523616,4732267287.33425,11147118.499054013
2025-05-19 11:00:00,39123.42595371047,26290373.818523616,4732267287.33425,11147118.499054013
2025-05-19 12:00:00,39146.10898774038,26290373.818523616,4732267287.33425,11147118.499054013
2025-05-19 13:00:00,39152.193706433,26290373.818523616,4732267287.33425,11147118.499054013
2025-05-19 14:00:00,39095.98326917131,26290373.818523616,4732267287.33425,11147118.499054013
2025-05-19 15:00:00,39154.51486964663,26290373.818523616,4732267287.33425,11147118.499054013
2025-05-19 16:00:00,39142.674377852425,26290373.818523616,4732267287.33425,11147118.499054013
2025-05-19 17:00:00,39078.49807511824,26290373.818523616,4732267287.33425,11147118.499054013
2025-05-19 18:00:00,39165.0526234341,26290373.818523616,4732267287.33425,11147118.499054013
2025-05-19 19:00:00,39103.57392247059,26290373.818523616,4732267287.33425,11147118.499054013
2025-05-19 20:00:00,39123.35344666032,26290373.818523616,4732267287.33425,11147118.499054013
2025-05-19 21:00:00,39107.940504916005,26290373.818523616,4732267287.33425,11147118.499054013
2025-05-19 22:00:00,39153.974128967784,26290373.818523616,4732267287.33425,11147118.499054013
2025-05-19 23:00:00,39089.778826432106,26290373.818523616,4732267287.33425,11147118.499054013
2025-05-20 00:00:00,39114.85757620344,26290373.818523616,4732267287.33425,11147118.499054013
2025-05-20 01:00:00,39117.80070407065,26290373.818523616,4732267287.33425,11147118.499054013
2025-05-20 02:00:00,39089.18018770354,26290373.818523616,4732267287.33425,11147118.499054013
2025-05-20 03:00:00,39129.377076200246,26290373.818523616,4732267287.33425,11147118.499054013
2025-05-20 04:00:00,39109.162222507824,26290373.818523616,4732267287.33425,11147118.499054013
2025-05-20 05:00:00,39085.9177083149,26290373.818523616,4732267287.33425,11147118.499054013
2025-05-20 06:00:00,39075.97336368062,26290373.818523616,4732267287.33425,11147118.499054013
2025-05-20 07:00:00,39138.332114596386,26290373.818523616,4732267287.33425,11147118.499054013
2025-05-20 08:00:00,39133.85677789676,26290373.818523616,4732267287.33425,11147118.499054013
2025-05-20 09:00:00,39111.764464369895,26290373.818523616,4732267287.33425,11147118.499054013
2025-05-20 10:00:00,39117.651792918514,26290373.818523616,4732267287.33425,11147118.499054013
2025-05-20 11:00:00,39098.43973623641,26290373.818523616,4732267287.33425,11147118.499054013
2025-05-20 12:00:00,39151.0168285522,26290373.818523616,4732267287.33425,11147118.499054013
2025-05-20 13:00:00,39150.183007966974,26290373.818523616,4732267287.33425,11147118.499054013
2025-05-20 14:00:00,39164.281962419795,26290373.818523616,4732267287.33425,11147118.499054013
2025-05-20 15:00:00,39101.63704253301,26290373.818523616,4732267287.33425,11147118.499054013
2025-05-20 16:00:00,39106.97863594928,26290373.818523616,4732267287.33425,11147118.499054013
2025-05-20 17:00:00,39140.86298608465,26290373.818523616,4732267287.33425,11147118.499054013
2025-05-20 18:00:00,39099.729787367025,26290373.818523616,4732267287.33425,11147118.499054013
2025-05-20 19:00:00,39150.37009005666,26290373.818523616,4732267287.33425,11147118.499054013
2025-05-20 20:00:00,39114.358070110335,26290373.818523616,4732267287.33425,11147118.499054013
2025-05-20 21:00:00,39119.68699736235,26290373.818523616,4732267287.33425,11147118.499054013
2025-05-20 22:00:00,39086.08668507243,26290373.818523616,4732267287.33425,11147118.499054013
2025-05-20 23:00:00,39140.4624035306,26290373.818523616,4732267287.33425,11147118.499054013
2025-05-21 00:00:00,39115.557970833426,26290373.818523616,4732267287.33425,11147118.499054013
2025-05-21 01:00:00,39129.360415172676,26290373.818523616,4732267287.33425,11147118.499054013
2025-05-21 02:00:00,39089.279428379545,26290373.818523616,4732267287.33425,11147118.499054013
2025-05-21 03:00:00,39081.746503071816,26290373.818523616,4732267287.33425,11147118.499054013
2025-05-21 04:00:00,39110.27093867816,26290373.818523616,4732267287.33425,11147118.499054013
2025-05-21 05:00:00,39136.31305984846,26290373.818523616,4732267287.33425,11147118.499054013
2025-05-21 06:00:00,39144.7717064863,26290373.818523616,4732267287.33425,11147118.499054013
2025-05-21 07:00:00,39140.0131432015,26290373.818523616,4732267287.33425,11147118.499054013
2025-05-21 08:00:00,39136.20873216516,26290373.818523616,4732267287.33425,11147118.499054013
2025-05-21 09:00:00,39130.556065493154,26290373.818523616,4732267287.33425,11147118.499054013
2025-05-21 10:00:00,39124.240299029756,26290373.818523616,4732267287.33425,11147118.499054013
2025-05-21 11:00:00,39154.05355337688,26290373.818523616,4732267287.33425,11147118.499054013
2025-05-21 12:00:00,39140.79898889496,26290373.818523616,4732267287.33425,11147118.499054013
2025-05-21 13:00:00,39143.322382676444,26290373.818523616,4732267287.33425,11147118.499054013
2025-05-21 14:00:00,39131.29457959218,26290373.818523616,4732267287.33425,11147118.499054013
2025-05-21 15:00:00,39158.31476949271,26290373.818523616,4732267287.33425,11147118.499054013
2025-05-21 16:00:00,39133.66019870836,26290373.818523616,4732267287.33425,11147118.499054013
2025-05-21 17:00:00,39109.990665869744,26290373.818523616,4732267287.33425,11147118.499054013
2025-05-21 18:00:00,39134.80638035824,26290373.818523616,4732267287.33425,11147118.499054013
2025-05-21 19:00:00,39123.27728652394,26290373.818523616,4732267287.33425,11147118.499054013
2025-05-21 20:00:00,39100.26064540783,26290373.818523616,4732267287.33425,11147118.499054013
2025-05-21 21:00:00,39112.61995277678,26290373.818523616,4732267287.33425,11147118.499054013
2025-05-21 22:00:00,39117.33883606552,26290373.818523616,4732267287.33425,11147118.499054013
2025-05-21 23:00:00,39116.74944836839,26290373.818523616,4732267287.33425,11147118.499054013
2025-05-22 00:00:00,39099.11869753441,26290373.818523616,4732267287.33425,11147118.499054013
2025-05-22 01:00:00,39122.973599694415,26290373.818523616,4732267287.33425,11147118.499054013
2025-05-22 02:00:00,39112.66428843711,26290373.818523616,4732267287.33425,11147118.499054013
2025-05-22 03:00:00,39113.15104169025,26290373.818523616,4732267287.33425,11147118.499054013
2025-05-22 04:00:00,39097.608551517325,26290373.818523616,4732267287.33425,11147118.499054013
2025-05-22 05:00:00,39109.983368992805,26290373.818523616,4732267287.33425,11147118.499054013
2025-05-22 06:00:00,39108.396082689425,26290373.818523616,4732267287.33425,11147118.499054013
2025-05-22 07:00:00,39106.4325333179,26290373.818523616,4732267287.33425,11147118.499054013
2025-05-22 08:00:00,39111.86192480036,26290373.818523616,4732267287.33425,11147118.499054013
2025-05-22 09:00:00,39128.66244857281,26290373.818523616,4732267287.33425,11147118.499054013
2025-05-22 10:00:00,39131.39087543136,26290373.818523616,4732267287.33425,11147118.499054013
2025-05-22 11:00:00,39137.72771391101,26290373.818523616,4732267287.33425,11147118.499054013
2025-05-22 12:00:00,39133.39366811427,26290373.818523616,4732267287.33425,11147118.499054013
2025-05-22 13:00:00,39135.97904127062,26290373.818523616,4732267287.33425,11147118.499054013
2025-05-22 14:00:00,39128.224809904634,26290373.818523616,4732267287.33425,11147118.499054013
2025-05-22 15:00:00,39099.78619724746,26290373.818523616,4732267287.33425,11147118.499054013
2025-05-22 16:00:00,39154.153516575905,26290373.818523616,4732267287.33425,11147118.499054013
2025-05-22 17:00:00,39129.36418211987,26290373.818523616,4732267287.33425,11147118.499054013
2025-05-22 18:00:00,39105.09282829365,26290373.818523616,4732267287.33425,11147118.499054013
2025-05-22 19:00:00,39130.83711701085,26290373.818523616,4732267287.33425,11147118.499054013
2025-05-22 20:00:00,39135.607315701476,26290373.818523616,4732267287.33425,11147118.499054013
2025-05-22 21:00:00,39107.05596095686,26290373.818523616,4732267287.33425,11147118.499054013
2025-05-22 22:00:00,39114.09272502233,26290373.818523616,4732267287.33425,11147118.499054013
2025-05-22 23:00:00,39127.94274945321,26290373.818523616,4732267287.33425,11147118.499054013
2025-05-23 00:00:00,39124.51793591182,26290373.818523616,4732267287.33425,11147118.499054013
2025-05-23 01:00:00,39121.81818021506,26290373.818523616,4732267287.33425,11147118.499054013
2025-05-23 02:00:00,39094.44982353345,26290373.818523616,4732267287.33425,11147118.499054013
2025-05-23 03:00:00,39086.51570242069,26290373.818523616,4732267287.33425,11147118.499054013
2025-05-23 04:00:00,39118.99260696876,26290373.818523616,4732267287.33425,11147118.499054013
2025-05-23 05:00:00,39107.45338405379,26290373.818523616,4732267287.33425,11147118.499054013
2025-05-23 06:00:00,39104.71299545731,26290373.818523616,4732267287.33425,11147118.499054013
2025-05-23 07:00:00,39125.03175544952,26290373.818523616,4732267287.33425,11147118.499054013
2025-05-23 08:00:00,39110.434362316926,26290373.818523616,4732267287.33425,11147118.499054013
2025-05-23 09:00:00,39112.03151702526,26290373.818523616,4732267287.33425,11147118.499054013
2025-05-23 10:00:00,39123.50675350096,26290373.818523616,4732267287.33425,11147118.499054013
2025-05-23 11:00:00,39126.888882885985,26290373.818523616,4732267287.33425,11147118.499054013
2025-05-23 12:00:00,39090.73014778593,26290373.818523616,4732267287.33425,11147118.499054013
2025-05-23 13:00:00,39164.90947682573,26290373.818523616,4732267287.33425,11147118.499054013
2025-05-23 14:00:00,39147.30295134613,26290373.818523616,4732267287.33425,11147118.499054013
2025-05-23 15:00:00,39155.50703562325,26290373.818523616,4732267287.33425,11147118.499054013
2025-05-23 16:00:00,39117.32407614168,26290373.818523616,4732267287.33425,11147118.499054013
2025-05-23 17:00:00,39083.583806057926,26290373.818523616,4732267287.33425,11147118.499054013
2025-05-23 18:00:00,39153.93541851799,26290373.818523616,4732267287.33425,11147118.499054013
2025-05-23 19:00:00,39110.7726900449,26290373.818523616,4732267287.33425,11147118.499054013
2025-05-23 20:00:00,39134.5262862698,26290373.818523616,4732267287.33425,11147118.499054013
2025-05-23 21:00:00,39124.839814979576,26290373.818523616,4732267287.33425,11147118.499054013
2025-05-23 22:00:00,39098.606124967155,26290373.818523616,4732267287.33425,11147118.499054013
2025-05-23 23:00:00,39131.06924106804,26290373.818523616,4732267287.33425,11147118.499054013
2025-05-24 00:00:00,39112.543458107604,26290373.818523616,4732267287.33425,11147118.499054013
2025-05-24 01:00:00,39127.83445405052,26290373.818523616,4732267287.33425,11147118.499054013
2025-05-24 02:00:00,39100.58502174635,26290373.818523616,4732267287.33425,11147118.499054013
2025-05-24 03:00:00,39105.40932171372,26290373.818523616,4732267287.33425,11147118.499054013
2025-05-24 04:00:00,39098.48110948878,26290373.818523616,4732267287.33425,11147118.499054013
2025-05-24 05:00:00,39081.068719705196,26290373.818523616,4732267287.33425,11147118.499054013
2025-05-24 06:00:00,39117.453258238835,26290373.818523616,4732267287.33425,11147118.499054013
2025-05-24 07:00:00,39099.28182780733,26290373.818523616,4732267287.33425,11147118.499054013
2025-05-24 08:00:00,39112.04270591608,26290373.818523616,4732267287.33425,11147118.499054013
2025-05-24 09:00:00,39138.13407364559,26290373.818523616,4732267287.33425,11147118.499054013
2025-05-24 10:00:00,39129.74543315823,26290373.818523616,4732267287.33425,11147118.499054013
2025-05-24 11:00:00,39117.18838194516,26290373.818523616,4732267287.33425,11147118.499054013
2025-05-24 12:00:00,39150.243542532044,26290373.818523616,4732267287.33425,11147118.499054013
2025-05-24 13:00:00,39149.2542177154,26290373.818523616,4732267287.33425,11147118.499054013
2025-05-24 14:00:00,39121.282442191055,26290373.818523616,4732267287.33425,11147118.499054013
2025-05-24 15:00:00,39083.70848680786,26290373.818523616,4732267287.33425,11147118.499054013
2025-05-24 16:00:00,39156.49796312495,26290373.818523616,4732267287.33425,11147118.499054013
2025-05-24 17:00:00,39179.01799809346,26290373.818523616,4732267287.33425,11147118.499054013
2025-05-24 18:00:00,39127.854303153,26290373.818523616,4732267287.33425,11147118.499054013
2025-05-24 19:00:00,39098.18415338245,26290373.818523616,4732267287.33425,11147118.499054013
2025-05-24 20:00:00,39118.629894565755,26290373.818523616,4732267287.33425,11147118.499054013
2025-05-24 21:00:00,39078.83297832773,26290373.818523616,4732267287.33425,11147118.499054013
2025-05-24 22:00:00,39131.14956745917,26290373.818523616,4732267287.33425,11147118.499054013
2025-05-24 23:00:00,39106.94579518031,26290373.818523616,4732267287.33425,11147118.499054013
2025-05-25 00:00:00,39103.69333729226,26290373.818523616,4732267287.33425,11147118.499054013
2025-05-25 01:00:00,39141.50270981859,26290373.818523616,4732267287.33425,11147118.499054013
2025-05-25 02:00:00,39122.350033340525,26290373.818523616,4732267287.33425,11147118.499054013
2025-05-25 03:00:00,39096.654929562945,26290373.818523616,4732267287.33425,11147118.499054013
2025-05-25 04:00:00,39090.464363675055,26290373.818523616,4732267287.33425,11147118.499054013
2025-05-25 05:00:00,39108.15104915489,26290373.818523616,4732267287.33425,11147118.499054013
2025-05-25 06:00:00,39094.33784911012,26290373.818523616,4732267287.33425,11147118.499054013
2025-05-25 07:00:00,39122.601900652364,26290373.818523616,4732267287.33425,11147118.499054013
2025-05-25 08:00:00,39106.25762903098,26290373.818523616,4732267287.33425,11147118.499054013
2025-05-25 09:00:00,39110.049847925875,26290373.818523616,4732267287.33425,11147118.499054013
2025-05-25 10:00:00,39140.6168450877,26290373.818523616,4732267287.33425,11147118.499054013
2025-05-25 11:00:00,39121.86768199378,26290373.818523616,4732267287.33425,11147118.499054013
2025-05-25 12:00:00,39131.59054055196,26290373.818523616,4732267287.33425,11147118.499054013
2025-05-25 13:00:00,39154.350934000664,26290373.818523616,4732267287.33425,11147118.499054013
2025-05-25 14:00:00,39127.1943588513,26290373.818523616,4732267287.33425,11147118.499054013
2025-05-25 15:00:00,39120.51201012719,26290373.818523616,4732267287.33425,11147118.499054013
2025-05-25 16:00:00,39112.63556234511,26290373.818523616,4732267287.33425,11147118.499054013
2025-05-25 17:00:00,39147.70389293068,26290373.818523616,4732267287.33425,11147118.499054013
2025-05-25 18:00:00,39151.37345320832,26290373.818523616,4732267287.33425,11147118.499054013
2025-05-25 19:00:00,39158.41523101059,26290373.818523616,4732267287.33425,11147118.499054013
2025-05-25 20:00:00,39117.00054150917,26290373.818523616,4732267287.33425,11147118.499054013
2025-05-25 21:00:00,39124.38643117073,26290373.818523616,4732267287.33425,11147118.499054013
2025-05-25 22:00:00,39108.87153716728,26290373.818523616,4732267287.33425,11147118.499054013
2025-05-25 23:00:00,39119.44862259979,26290373.818523616,4732267287.33425,11147118.499054013
2025-05-26 00:00:00,39112.55568491913,26290373.818523616,4732267287.33425,11147118.499054013
2025-05-26 01:00:00,39115.50286590387,26290373.818523616,4732267287.33425,11147118.499054013
2025-05-26 02:00:00,39099.153047299646,26290373.818523616,4732267287.33425,11147118.499054013
2025-05-26 03:00:00,39090.48848210548,26290373.818523616,4732267287.33425,11147118.499054013
2025-05-26 04:00:00,39096.100436003915,26290373.818523616,4732267287.33425,11147118.499054013
2025-05-26 05:00:00,39078.670694127744,26290373.818523616,4732267287.33425,11147118.499054013
2025-05-26 06:00:00,39103.028667196246,26290373.818523616,4732267287.33425,11147118.499054013
2025-05-26 07:00:00,39113.61164426105,26290373.818523616,4732267287.33425,11147118.499054013
2025-05-26 08:00:00,39124.96621526676,26290373.818523616,4732267287.33425,11147118.499054013
2025-05-26 09:00:00,39109.25947682328,26290373.818523616,4732267287.33425,11147118.499054013
2025-05-26 10:00:00,39118.782963904334,26290373.818523616,4732267287.33425,11147118.499054013
2025-05-26 11:00:00,39119.05915992321,26290373.818523616,4732267287.33425,11147118.499054013
2025-05-26 12:00:00,39119.502667493936,26290373.818523616,4732267287.33425,11147118.499054013
2025-05-26 13:00:00,39129.78116905934,26290373.818523616,4732267287.33425,11147118.499054013
2025-05-26 14:00:00,39145.50402792871,26290373.818523616,4732267287.33425,11147118.499054013
2025-05-26 15:00:00,39131.51101531635,26290373.818523616,4732267287.33425,11147118.499054013
2025-05-26 16:00:00,39102.97722320721,26290373.818523616,4732267287.33425,11147118.499054013
2025-05-26 17:00:00,39141.88079689074,26290373.818523616,4732267287.33425,11147118.499054013
2025-05-26 18:00:00,39126.42397670255,26290373.818523616,4732267287.33425,11147118.499054013
2025-05-26 19:00:00,39138.614603276896,26290373.818523616,4732267287.33425,11147118.499054013
2025-05-26 20:00:00,39153.061349207455,26290373.818523616,4732267287.33425,11147118.499054013
2025-05-26 21:00:00,39153.26911404216,26290373.818523616,4732267287.33425,11147118.499054013
2025-05-26 22:00:00,39073.45043995098,26290373.818523616,4732267287.33425,11147118.499054013
2025-05-26 23:00:00,39156.187736697924,26290373.818523616,4732267287.33425,11147118.499054013
2025-05-27 00:00:00,39095.305887537994,26290373.818523616,4732267287.33425,11147118.499054013
2025-05-27 01:00:00,39116.17589322493,26290373.818523616,4732267287.33425,11147118.499054013
2025-05-27 02:00:00,39131.354147768565,26290373.818523616,4732267287.33425,11147118.499054013
2025-05-27 03:00:00,39111.983076671684,26290373.818523616,4732267287.33425,11147118.499054013
2025-05-27 04:00:00,39109.37272525477,26290373.818523616,4732267287.33425,11147118.499054013
2025-05-27 05:00:00,39112.425309341896,26290373.818523616,4732267287.33425,11147118.499054013
2025-05-27 06:00:00,39107.78514044233,26290373.818523616,4732267287.33425,11147118.499054013
2025-05-27 07:00:00,39077.05011737344,26290373.818523616,4732267287.33425,11147118.499054013
2025-05-27 08:00:00,39107.05601746115,26290373.818523616,4732267287.33425,11147118.499054013
2025-05-27 09:00:00,39109.704175658924,26290373.818523616,4732267287.33425,11147118.499054013
2025-05-27 10:00:00,39121.09436380055,26290373.818523616,4732267287.33425,11147118.499054013
2025-05-27 11:00:00,39131.29881501856,26290373.818523616,4732267287.33425,11147118.499054013
2025-05-27 12:00:00,39116.01796170423,26290373.818523616,4732267287.33425,11147118.499054013
2025-05-27 13:00:00,39124.56829012965,26290373.818523616,4732267287.33425,11147118.499054013
2025-05-27 14:00:00,39095.90892124713,26290373.818523616,4732267287.33425,11147118.499054013
2025-05-27 15:00:00,39140.91881193634,26290373.818523616,4732267287.33425,11147118.499054013
2025-05-27 16:00:00,39139.518725605034,26290373.818523616,4732267287.33425,11147118.499054013
2025-05-27 17:00:00,39106.0408362156,26290373.818523616,4732267287.33425,11147118.499054013
2025-05-27 18:00:00,39121.35939697123,26290373.818523616,4732267287.33425,11147118.499054013
2025-05-27 19:00:00,39108.832561378564,26290373.818523616,4732267287.33425,11147118.499054013
2025-05-27 20:00:00,39159.05821506106,26290373.818523616,4732267287.33425,11147118.499054013
2025-05-27 21:00:00,39157.40959532081,26290373.818523616,4732267287.33425,11147118.499054013
2025-05-27 22:00:00,39145.81909959467,26290373.818523616,4732267287.33425,11147118.499054013
2025-05-27 23:00:00,39102.44172429245,26290373.818523616,4732267287.33425,11147118.499054013
2025-05-28 00:00:00,39111.05600766764,26290373.818523616,4732267287.33425,11147118.499054013
2025-05-28 01:00:00,39099.7983932924,26290373.818523616,4732267287.33425,11147118.499054013
2025-05-28 02:00:00,39105.104396133305,26290373.818523616,4732267287.33425,11147118.499054013
2025-05-28 03:00:00,39110.84918210584,26290373.818523616,4732267287.33425,11147118.499054013
2025-05-28 04:00:00,39111.044794332505,26290373.818523616,4732267287.33425,11147118.499054013
2025-05-28 05:00:00,39095.6254520784,26290373.818523616,4732267287.33425,11147118.499054013
2025-05-28 06:00:00,39107.987669498325,26290373.818523616,4732267287.33425,11147118.499054013
2025-05-28 07:00:00,39120.047856270015,26290373.818523616,4732267287.33425,11147118.499054013
2025-05-28 08:00:00,39129.86716880261,26290373.818523616,4732267287.33425,11147118.499054013
2025-05-28 09:00:00,39125.826006063566,26290373.818523616,4732267287.33425,11147118.499054013
2025-05-28 10:00:00,39134.974805310245,26290373.818523616,4732267287.33425,11147118.499054013
2025-05-28 11:00:00,39143.927266200415,26290373.818523616,4732267287.33425,11147118.499054013
2025-05-28 12:00:00,39140.61422804006,26290373.818523616,4732267287.33425,11147118.499054013
2025-05-28 13:00:00,39146.43124003979,26290373.818523616,4732267287.33425,11147118.499054013
2025-05-28 14:00:00,39161.61984580185,26290373.818523616,4732267287.33425,11147118.499054013
2025-05-28 15:00:00,39116.97056881731,26290373.818523616,4732267287.33425,11147118.499054013
2025-05-28 16:00:00,39120.76477664589,26290373.818523616,4732267287.33425,11147118.499054013
2025-05-28 17:00:00,39119.52164851874,26290373.818523616,4732267287.33425,11147118.499054013
2025-05-28 18:00:00,39106.41096925596,26290373.818523616,4732267287.33425,11147118.499054013
2025-05-28 19:00:00,39100.441646355765,26290373.818523616,4732267287.33425,11147118.499054013
2025-05-28 20:00:00,39108.881686771165,26290373.818523616,4732267287.33425,11147118.499054013
2025-05-28 21:00:00,39108.6216838237,26290373.818523616,4732267287.33425,11147118.499054013
2025-05-28 22:00:00,39087.424539838496,26290373.818523616,4732267287.33425,11147118.499054013
2025-05-28 23:00:00,39142.159152659326,26290373.818523616,4732267287.33425,11147118.499054013
